<?xml version="1.0" encoding="UTF-8"?>
<LightningComponentBundle xmlns="http://soap.sforce.com/2006/04/metadata">
    <apiVersion>54.0</apiVersion>
    <isExposed>true</isExposed>
    <masterLabel>Cover Summary</masterLabel>
    <targets>
        <target>lightning__RecordPage</target>
    </targets>
    <targetConfigs>
        <targetConfig targets="lightning__RecordPage">
            <property name="displayActiveOnly" label="Display Active Covers Only" type="Boolean"/>
            <property name="displayMatchingProductGroupOnly" label="Display Covers Matching Product Group Only" type="Boolean"/>
            <property name="displayExpandedFields" label="Display Expanded Active Columns" type="Boolean"/>
        </targetConfig>
    </targetConfigs>
</LightningComponentBundle>