[{"_allAttributes":null,"_properties":null,"_methods":null,"file":"/Users/bharath/BDGuardian/BDGuardianNew/force-app/main/default/lwc/appMemberQA/appMemberQA.js","metadata":{"decorators":[{"type":"api","targets":[{"type":"property","name":"recordId","value":{"type":"unresolved"}}]},{"type":"track","targets":[{"name":"wireAppQAObjectInfo","type":"property"},{"name":"defaultRadioValue","type":"property"},{"name":"radioOptions","type":"property"},{"name":"dataTableColumns","type":"property"},{"name":"dataTableValues","type":"property"},{"name":"dataTableSortedBy","type":"property"},{"name":"dataTableSortedDirection","type":"property"},{"name":"dataTableLoading","type":"property"},{"name":"hasError","type":"property"},{"name":"error","type":"property"},{"name":"applicationMemberId","type":"property"},{"name":"showURELink","type":"property"}]}],"declarationLoc":{"start":{"line":31,"column":0},"end":{"line":189,"column":1}},"classMembers":[{"type":"property","name":"recordId","loc":{"start":{"line":33,"column":4},"end":{"line":33,"column":18}},"decorator":"api","value":{"type":"unresolved"}},{"type":"property","name":"wireAppQAObjectInfo","loc":{"start":{"line":35,"column":4},"end":{"line":35,"column":31}},"decorator":"track"},{"type":"property","name":"defaultRadioValue","loc":{"start":{"line":36,"column":4},"end":{"line":36,"column":29}},"decorator":"track"},{"type":"property","name":"radioOptions","loc":{"start":{"line":37,"column":4},"end":{"line":37,"column":24}},"decorator":"track"},{"type":"property","name":"dataTableColumns","loc":{"start":{"line":38,"column":4},"end":{"line":38,"column":28}},"decorator":"track"},{"type":"property","name":"dataTableValues","loc":{"start":{"line":39,"column":4},"end":{"line":39,"column":32}},"decorator":"track"},{"type":"property","name":"dataTableSortedBy","loc":{"start":{"line":40,"column":4},"end":{"line":40,"column":29}},"decorator":"track"},{"type":"property","name":"dataTableSortedDirection","loc":{"start":{"line":41,"column":4},"end":{"line":41,"column":36}},"decorator":"track"},{"type":"property","name":"dataTableLoading","loc":{"start":{"line":42,"column":4},"end":{"line":42,"column":35}},"decorator":"track"},{"type":"property","name":"hasError","loc":{"start":{"line":43,"column":4},"end":{"line":43,"column":28}},"decorator":"track"},{"type":"property","name":"error","loc":{"start":{"line":44,"column":4},"end":{"line":44,"column":17}},"decorator":"track"},{"type":"property","name":"applicationMemberId","loc":{"start":{"line":45,"column":4},"end":{"line":45,"column":31}},"decorator":"track"},{"type":"property","name":"isNBJ2","loc":{"start":{"line":46,"column":2},"end":{"line":46,"column":17}}},{"type":"property","name":"showURELink","loc":{"start":{"line":47,"column":2},"end":{"line":47,"column":21}},"decorator":"track"},{"type":"property","name":"applicationMemberStatuses","loc":{"start":{"line":51,"column":4},"end":{"line":51,"column":30}}},{"type":"property","name":"customLabel","loc":{"start":{"line":52,"column":4},"end":{"line":52,"column":51}}},{"type":"property","name":"defaultSortedColumn","loc":{"start":{"line":53,"column":4},"end":{"line":53,"column":24}}},{"type":"property","name":"radioOptionsHelpMappings","loc":{"start":{"line":56,"column":4},"end":{"line":69,"column":6}}},{"type":"property","name":"hasQARecords","loc":{"start":{"line":71,"column":4},"end":{"line":71,"column":95}}},{"type":"property","name":"radioGroupDisabled","loc":{"start":{"line":72,"column":4},"end":{"line":72,"column":61}}},{"type":"method","name":"connectedCallback","loc":{"start":{"line":74,"column":4},"end":{"line":140,"column":5}}},{"type":"method","name":"updateDataTableHandler","loc":{"start":{"line":145,"column":4},"end":{"line":169,"column":5}},"doc":"*\r\n     * @description event handler used to update datatable when a new radiobutton status has been selected"},{"type":"method","name":"dataTableSortHandler","loc":{"start":{"line":176,"column":4},"end":{"line":180,"column":4}},"doc":"*\r\n     * @description handles datatable sort events\r\n     * method will sort the datatable by key and direction\r\n     * @param event"},{"type":"method","name":"openURE","loc":{"start":{"line":185,"column":1},"end":{"line":187,"column":2}},"doc":"*\r\n     * @description Open link to URE enquiry page"}],"exports":[{"type":"ExportDefaultDeclaration"}]},"updatedAt":"2023-01-10T15:14:15.670Z"},{"_allAttributes":null,"_properties":null,"_methods":null,"file":"/Users/bharath/BDGuardian/BDGuardianNew/force-app/main/default/lwc/applicationDecisionSummary/applicationDecisionSummary.js","metadata":{"decorators":[{"type":"api","targets":[{"type":"property","name":"recordId","value":{"type":"unresolved"}},{"type":"property","name":"objectApiName","value":{"type":"unresolved"}}]},{"type":"wire","targets":[{"name":"handleObjectInfos","adapter":{"name":"getObjectInfos","reference":"lightning/uiObjectInfoApi"},"type":"method","static":{"objectApiNames":{"type":"unresolved","value":"member_expression"}},"params":{}},{"name":"handleUwOutcomeCoverPicklistValues","adapter":{"name":"getPicklistValues","reference":"lightning/uiObjectInfoApi"},"type":"method","static":{"fieldApiName":{"value":"@salesforce/schema/UnderwritingOutcome__c.Cover__c","type":"module"}},"params":{"recordTypeId":"objectDetails.UnderwritingOutcome__c.defaultRtId"}},{"name":"handleUWOutcomeUREExclusionsPicklistValues","adapter":{"name":"getPicklistValues","reference":"lightning/uiObjectInfoApi"},"type":"method","static":{"fieldApiName":{"value":"@salesforce/schema/UnderwritingOutcome__c.UREExclusions__c","type":"module"}},"params":{"recordTypeId":"objectDetails.UnderwritingOutcome__c.defaultRtId"}},{"name":"handleUWOutcomeURERemovalsPicklistValues","adapter":{"name":"getPicklistValues","reference":"lightning/uiObjectInfoApi"},"type":"method","static":{"fieldApiName":{"value":"@salesforce/schema/UnderwritingOutcome__c.URERemovals__c","type":"module"}},"params":{"recordTypeId":"objectDetails.UnderwritingOutcome__c.defaultRtId"}},{"name":"handleUwOutcomeUWExclusionsPicklistValues","adapter":{"name":"getPicklistValues","reference":"lightning/uiObjectInfoApi"},"type":"method","static":{"fieldApiName":{"value":"@salesforce/schema/UnderwritingOutcome__c.UWExclusions__c","type":"module"}},"params":{"recordTypeId":"objectDetails.UnderwritingOutcome__c.defaultRtId"}},{"name":"handleUwOutcomeUWRemovalsPicklistValues","adapter":{"name":"getPicklistValues","reference":"lightning/uiObjectInfoApi"},"type":"method","static":{"fieldApiName":{"value":"@salesforce/schema/UnderwritingOutcome__c.UWRemovals__c","type":"module"}},"params":{"recordTypeId":"objectDetails.UnderwritingOutcome__c.defaultRtId"}},{"name":"handleApplicationTypePicklistValues","adapter":{"name":"getPicklistValues","reference":"lightning/uiObjectInfoApi"},"type":"method","static":{"fieldApiName":{"value":"@salesforce/schema/ApplicationCover__c.Type__c","type":"module"}},"params":{"recordTypeId":"objectDetails.ApplicationCover__c.defaultRtId"}},{"name":"handleDeferredPeriodPicklistValues","adapter":{"name":"getPicklistValues","reference":"lightning/uiObjectInfoApi"},"type":"method","static":{"fieldApiName":{"value":"@salesforce/schema/ApplicationCover__c.Deferred_Period__c","type":"module"}},"params":{"recordTypeId":"objectDetails.ApplicationCover__c.defaultRtId"}},{"name":"messageContext","adapter":{"name":"MessageContext","reference":"lightning/messageService"},"type":"property"}]},{"type":"track","targets":[{"name":"appMembers","type":"property"},{"name":"editorMode","type":"property"},{"name":"errors","type":"property"},{"name":"refreshing","type":"property"}]}],"exports":[{"type":"ExportDefaultDeclaration"}]},"updatedAt":"2023-01-10T15:14:15.661Z"},{"_allAttributes":null,"_properties":null,"_methods":null,"file":"/Users/bharath/BDGuardian/BDGuardianNew/force-app/main/default/lwc/assessmentEdit/assessmentEdit.js","metadata":{"decorators":[{"type":"api","targets":[{"type":"property","name":"assessmentId","value":{"type":"unresolved"}},{"type":"property","name":"parentCaseId","value":{"type":"unresolved"}},{"type":"property","name":"bpsScoreCategory","value":{"type":"unresolved"}},{"type":"method","name":"showModal"},{"type":"method","name":"closeModal"}]},{"type":"track","targets":[{"name":"assessment","type":"property"}]}],"declarationLoc":{"start":{"line":9,"column":0},"end":{"line":155,"column":1}},"classMembers":[{"type":"property","name":"assessmentId","loc":{"start":{"line":11,"column":4},"end":{"line":11,"column":22}},"decorator":"api","value":{"type":"unresolved"}},{"type":"property","name":"parentCaseId","loc":{"start":{"line":12,"column":4},"end":{"line":12,"column":22}},"decorator":"api","value":{"type":"unresolved"}},{"type":"property","name":"categoryOptions","loc":{"start":{"line":13,"column":4},"end":{"line":13,"column":39}}},{"type":"property","name":"bpsScoreOptions","loc":{"start":{"line":14,"column":4},"end":{"line":14,"column":40}}},{"type":"property","name":"modalVisible","loc":{"start":{"line":15,"column":4},"end":{"line":15,"column":25}}},{"type":"property","name":"isLoading","loc":{"start":{"line":16,"column":4},"end":{"line":16,"column":22}}},{"type":"property","name":"bpsScoreCategory","loc":{"start":{"line":17,"column":4},"end":{"line":17,"column":27}},"decorator":"api","value":{"type":"unresolved"}},{"type":"property","name":"assessment","loc":{"start":{"line":18,"column":4},"end":{"line":22,"column":6}},"decorator":"track"},{"type":"property","name":"observationValidity","loc":{"start":{"line":23,"column":4},"end":{"line":23,"column":31}}},{"type":"property","name":"outcomeValidity","loc":{"start":{"line":24,"column":4},"end":{"line":24,"column":27}}},{"type":"method","name":"connectedCallback","loc":{"start":{"line":26,"column":4},"end":{"line":28,"column":5}}},{"type":"method","name":"showModal","loc":{"start":{"line":30,"column":4},"end":{"line":33,"column":5}},"decorator":"api"},{"type":"method","name":"closeModal","loc":{"start":{"line":35,"column":4},"end":{"line":38,"column":5}},"decorator":"api"},{"type":"method","name":"initializeEditor","loc":{"start":{"line":40,"column":4},"end":{"line":47,"column":5}}},{"type":"method","name":"resetNewAssessment","loc":{"start":{"line":49,"column":4},"end":{"line":55,"column":5}}},{"type":"method","name":"onCloseNewAssessmentModal","loc":{"start":{"line":57,"column":4},"end":{"line":59,"column":5}}},{"type":"method","name":"onObservationChange","loc":{"start":{"line":61,"column":4},"end":{"line":63,"column":5}}},{"type":"method","name":"onOutcomeChange","loc":{"start":{"line":65,"column":4},"end":{"line":67,"column":5}}},{"type":"method","name":"onSaveAssessment","loc":{"start":{"line":69,"column":4},"end":{"line":76,"column":5}}},{"type":"method","name":"getAssessment","loc":{"start":{"line":78,"column":4},"end":{"line":90,"column":5}}},{"type":"method","name":"saveAssessment","loc":{"start":{"line":92,"column":4},"end":{"line":106,"column":5}}},{"type":"method","name":"captureFieldValues","loc":{"start":{"line":108,"column":4},"end":{"line":118,"column":5}}},{"type":"method","name":"validateForm","loc":{"start":{"line":120,"column":4},"end":{"line":134,"column":5}}},{"type":"method","name":"showNotification","loc":{"start":{"line":136,"column":4},"end":{"line":143,"column":5}}},{"type":"method","name":"ifBpsScore","loc":{"start":{"line":146,"column":4},"end":{"line":154,"column":5}}}],"exports":[{"type":"ExportDefaultDeclaration"}]},"updatedAt":"2023-01-10T15:14:15.668Z"},{"_allAttributes":null,"_properties":null,"_methods":null,"file":"/Users/bharath/BDGuardian/BDGuardianNew/force-app/main/default/lwc/assessmentFilters/assessmentFilters.js","metadata":{"decorators":[],"declarationLoc":{"start":{"line":5,"column":0},"end":{"line":39,"column":1}},"classMembers":[{"type":"property","name":"categoryOptions","loc":{"start":{"line":7,"column":4},"end":{"line":7,"column":67}}},{"type":"property","name":"filters","loc":{"start":{"line":8,"column":4},"end":{"line":8,"column":17}}},{"type":"method","name":"connectedCallback","loc":{"start":{"line":10,"column":4},"end":{"line":12,"column":5}}},{"type":"method","name":"onSearch","loc":{"start":{"line":14,"column":4},"end":{"line":18,"column":5}}},{"type":"method","name":"addEmptyCategoryOption","loc":{"start":{"line":20,"column":4},"end":{"line":24,"column":5}}},{"type":"method","name":"captureFieldValues","loc":{"start":{"line":26,"column":4},"end":{"line":38,"column":5}}}],"exports":[{"type":"ExportDefaultDeclaration"}]},"updatedAt":"2023-01-10T15:14:15.677Z"},{"_allAttributes":null,"_properties":null,"_methods":null,"file":"/Users/bharath/BDGuardian/BDGuardianNew/force-app/main/default/lwc/assessmentList/assessmentList.js","metadata":{"decorators":[{"type":"api","targets":[{"type":"property","name":"parentCaseId","value":{"type":"unresolved"}},{"type":"method","name":"getAssessmentData"}]},{"type":"track","targets":[{"name":"assessmentPeriods","type":"property"}]}],"declarationLoc":{"start":{"line":8,"column":0},"end":{"line":45,"column":1}},"classMembers":[{"type":"property","name":"parentCaseId","loc":{"start":{"line":10,"column":4},"end":{"line":10,"column":22}},"decorator":"api","value":{"type":"unresolved"}},{"type":"property","name":"assessmentPeriods","loc":{"start":{"line":11,"column":4},"end":{"line":11,"column":34}},"decorator":"track"},{"type":"property","name":"isLoading","loc":{"start":{"line":12,"column":4},"end":{"line":12,"column":22}}},{"type":"method","name":"connectedCallback","loc":{"start":{"line":14,"column":4},"end":{"line":16,"column":5}}},{"type":"method","name":"getAssessmentData","loc":{"start":{"line":18,"column":4},"end":{"line":31,"column":5}},"decorator":"api"},{"type":"method","name":"onAssessmentSaved","loc":{"start":{"line":33,"column":4},"end":{"line":35,"column":5}}},{"type":"method","name":"render","loc":{"start":{"line":37,"column":4},"end":{"line":43,"column":5}}}],"exports":[{"type":"ExportDefaultDeclaration"}]},"updatedAt":"2023-01-10T15:14:15.679Z"},{"_allAttributes":null,"_properties":null,"_methods":null,"file":"/Users/bharath/BDGuardian/BDGuardianNew/force-app/main/default/lwc/assessmentPeriod/assessmentPeriod.js","metadata":{"decorators":[{"type":"api","targets":[{"type":"property","name":"assessmentPeriod","value":{"type":"unresolved"}}]}],"declarationLoc":{"start":{"line":3,"column":0},"end":{"line":12,"column":1}},"classMembers":[{"type":"property","name":"assessmentPeriod","loc":{"start":{"line":5,"column":4},"end":{"line":6,"column":21}},"decorator":"api","value":{"type":"unresolved"}},{"type":"method","name":"onAssessmentSaved","loc":{"start":{"line":8,"column":4},"end":{"line":10,"column":5}}}],"exports":[{"type":"ExportDefaultDeclaration"}]},"updatedAt":"2023-01-10T15:14:15.673Z"},{"_allAttributes":null,"_properties":null,"_methods":null,"file":"/Users/bharath/BDGuardian/BDGuardianNew/force-app/main/default/lwc/caseEvidenceList/caseEvidenceList.js","metadata":{"decorators":[{"type":"api","targets":[{"type":"property","name":"recordId","value":{"type":"unresolved"}}]},{"type":"wire","targets":[{"name":"handleObjectInfos","adapter":{"name":"getObjectInfos","reference":"lightning/uiObjectInfoApi"},"type":"method","static":{"objectApiNames":{"type":"unresolved","value":"array_expression"}},"params":{}},{"name":"handleRecordInfo","adapter":{"name":"getRecord","reference":"lightning/uiRecordApi"},"type":"method","static":{"fields":{"type":"unresolved","value":"identifier"}},"params":{"recordId":"recordId"}}]},{"type":"track","targets":[{"name":"error","type":"property"},{"name":"evidenceRecordsById","type":"property"},{"name":"fullViewUrl","type":"property"},{"name":"loading","type":"property"},{"name":"objectDetails","type":"property"},{"name":"sortBy","type":"property"},{"name":"sortDirection","type":"property"},{"name":"selectedRecords","type":"property"},{"name":"showSetStatusModal","type":"property"},{"name":"selectedStatus","type":"property"},{"name":"modalLoading","type":"property"},{"name":"availableStatuses","type":"property"},{"name":"deleteRecordId","type":"property"}]}],"exports":[{"type":"ExportDefaultDeclaration"}]},"updatedAt":"2023-01-10T15:14:15.947Z"},{"_allAttributes":null,"_properties":null,"_methods":null,"file":"/Users/bharath/BDGuardian/BDGuardianNew/force-app/main/default/lwc/caseUnderwritingEditor/caseUnderwritingEditor.js","metadata":{"decorators":[{"type":"api","targets":[{"type":"property","name":"recordId","value":{"type":"unresolved"}}]},{"type":"wire","targets":[{"name":"recordUi","adapter":{"name":"getRecordUi","reference":"lightning/uiRecordApi"},"type":"method","static":{"layoutTypes":{"type":"string","value":"Full"},"modes":{"type":"string","value":"View"},"optionalFields":{"type":"unresolved","value":"array_expression"}},"params":{"recordIds":"uwoRecordIds"}},{"name":"exclusionsList","adapter":{"name":"fetchExclusions","reference":"@salesforce/apex/CaseUnderwritingEditor_Ctrl.fetchExclusions"},"type":"property","static":{},"params":{"caseId":"recordId"}},{"name":"removalsList","adapter":{"name":"fetchRemovals","reference":"@salesforce/apex/CaseUnderwritingEditor_Ctrl.fetchRemovals"},"type":"property","static":{},"params":{"caseId":"recordId"}},{"name":"postponeList","adapter":{"name":"fetchPostpones","reference":"@salesforce/apex/CaseUnderwritingEditor_Ctrl.fetchPostpones"},"type":"property","static":{},"params":{"caseId":"recordId"}},{"name":"displayDensity","adapter":{"name":"getDisplayDensity","reference":"@salesforce/apex/CaseUnderwritingEditor_Ctrl.getDisplayDensity"},"type":"property"},{"name":"messageContext","adapter":{"name":"MessageContext","reference":"lightning/messageService"},"type":"property"}]},{"type":"track","targets":[{"name":"globalError","type":"property"},{"name":"editErrorText","type":"property"},{"name":"loading","type":"property"},{"name":"mode","type":"property"},{"name":"recordsById","type":"property"},{"name":"uwoRecordIds","type":"property"}]}],"declarationLoc":{"start":{"line":438,"column":0},"end":{"line":713,"column":1}},"classMembers":[{"type":"property","name":"recordId","loc":{"start":{"line":439,"column":4},"end":{"line":439,"column":18}}},{"type":"property","name":"globalError","loc":{"start":{"line":441,"column":4},"end":{"line":441,"column":32}}},{"type":"property","name":"editErrorText","loc":{"start":{"line":442,"column":4},"end":{"line":442,"column":32}}},{"type":"property","name":"loading","loc":{"start":{"line":443,"column":4},"end":{"line":443,"column":46}}},{"type":"property","name":"mode","loc":{"start":{"line":444,"column":4},"end":{"line":444,"column":34}}},{"type":"property","name":"recordsById","loc":{"start":{"line":445,"column":4},"end":{"line":445,"column":31}}},{"type":"property","name":"uwoRecordIds","loc":{"start":{"line":446,"column":4},"end":{"line":446,"column":31}}},{"type":"property","name":"coveredProducts","loc":{"start":{"line":448,"column":4},"end":{"line":448,"column":32}}},{"type":"property","name":"focusCallback","loc":{"start":{"line":449,"column":4},"end":{"line":449,"column":27}}},{"type":"property","name":"UnderwritingOutcome__c","loc":{"start":{"line":451,"column":4},"end":{"line":451,"column":67}}},{"type":"property","name":"isView","loc":{"start":{"line":453,"column":4},"end":{"line":453,"column":50}}},{"type":"property","name":"records","loc":{"start":{"line":454,"column":4},"end":{"line":454,"column":61}}},{"type":"property","name":"hasAci","loc":{"start":{"line":456,"column":4},"end":{"line":456,"column":60}}},{"type":"property","name":"hasCi","loc":{"start":{"line":457,"column":4},"end":{"line":457,"column":59}}},{"type":"property","name":"displayDensityVariant","loc":{"start":{"line":459,"column":4},"end":{"line":466,"column":5}}},{"type":"property","name":"outputTextClass","loc":{"start":{"line":467,"column":4},"end":{"line":480,"column":5}}},{"type":"property","name":"recordUiConverter","loc":{"start":{"line":482,"column":4},"end":{"line":482,"column":44}}},{"type":"method","name":"recordUi","loc":{"start":{"line":483,"column":4},"end":{"line":486,"column":5}}},{"type":"property","name":"exclusionsList","loc":{"start":{"line":488,"column":4},"end":{"line":489,"column":19}}},{"type":"property","name":"removalsList","loc":{"start":{"line":491,"column":4},"end":{"line":492,"column":17}}},{"type":"property","name":"postponeList","loc":{"start":{"line":494,"column":4},"end":{"line":495,"column":17}}},{"type":"property","name":"displayDensity","loc":{"start":{"line":497,"column":4},"end":{"line":498,"column":19}}},{"type":"property","name":"messageContext","loc":{"start":{"line":500,"column":4},"end":{"line":501,"column":19}}},{"type":"method","name":"setupLayouts","loc":{"start":{"line":503,"column":4},"end":{"line":530,"column":5}}},{"type":"method","name":"connectedCallback","loc":{"start":{"line":532,"column":4},"end":{"line":545,"column":5}}},{"type":"method","name":"handleError","loc":{"start":{"line":547,"column":4},"end":{"line":552,"column":5}}},{"type":"method","name":"returnToViewMode","loc":{"start":{"line":553,"column":4},"end":{"line":568,"column":5}}},{"type":"method","name":"onEdit","loc":{"start":{"line":573,"column":4},"end":{"line":588,"column":5}}},{"type":"method","name":"onCancelEdit","loc":{"start":{"line":589,"column":4},"end":{"line":594,"column":5}}},{"type":"method","name":"onEditLoad","loc":{"start":{"line":595,"column":4},"end":{"line":633,"column":5}}},{"type":"method","name":"onEditField","loc":{"start":{"line":634,"column":4},"end":{"line":650,"column":5}}},{"type":"method","name":"onSave","loc":{"start":{"line":651,"column":4},"end":{"line":712,"column":5}}}],"exports":[{"type":"ExportDefaultDeclaration"}]},"updatedAt":"2023-01-10T15:14:15.950Z"},{"_allAttributes":null,"_properties":null,"_methods":null,"file":"/Users/bharath/BDGuardian/BDGuardianNew/force-app/main/default/lwc/claimsComponent/claimsComponent.js","metadata":{"decorators":[{"type":"track","targets":[{"name":"isLoading","type":"property"},{"name":"errorMessage","type":"property"},{"name":"componentBody","type":"property"}]}],"exports":[{"type":"ExportDefaultDeclaration"}]},"updatedAt":"2023-01-10T15:14:15.941Z"},{"_allAttributes":null,"_properties":null,"_methods":null,"file":"/Users/bharath/BDGuardian/BDGuardianNew/force-app/main/default/lwc/componentHeaderCard/componentHeaderCard.js","metadata":{"decorators":[{"type":"api","targets":[{"type":"property","name":"title","value":{"type":"unresolved"}},{"type":"property","name":"iconname","value":{"type":"unresolved"}},{"type":"property","name":"variant"}]},{"type":"track","targets":[{"name":"privateVariant","type":"property"},{"name":"showFooter","type":"property"}]}],"declarationLoc":{"start":{"line":11,"column":0},"end":{"line":54,"column":1}},"classMembers":[{"type":"property","name":"title","loc":{"start":{"line":12,"column":4},"end":{"line":12,"column":15}},"decorator":"api","value":{"type":"unresolved"}},{"type":"property","name":"iconname","loc":{"start":{"line":14,"column":4},"end":{"line":14,"column":18}},"decorator":"api","value":{"type":"unresolved"}},{"type":"property","name":"privateVariant","loc":{"start":{"line":16,"column":4},"end":{"line":16,"column":35}},"decorator":"track"},{"type":"property","name":"variant","loc":{"start":{"line":26,"column":4},"end":{"line":28,"column":5}},"decorator":"api"},{"type":"property","name":"showFooter","loc":{"start":{"line":30,"column":4},"end":{"line":30,"column":29}},"decorator":"track"},{"type":"method","name":"renderedCallback","loc":{"start":{"line":31,"column":4},"end":{"line":35,"column":5}}},{"type":"property","name":"footerSlot","loc":{"start":{"line":37,"column":4},"end":{"line":39,"column":5}}},{"type":"property","name":"computedWrapperClassNames","loc":{"start":{"line":41,"column":4},"end":{"line":45,"column":5}}},{"type":"property","name":"hasIcon","loc":{"start":{"line":47,"column":4},"end":{"line":49,"column":5}}},{"type":"property","name":"hasStringTitle","loc":{"start":{"line":51,"column":4},"end":{"line":53,"column":5}}}],"exports":[{"type":"ExportDefaultDeclaration"}]},"updatedAt":"2023-01-10T15:14:15.961Z"},{"_allAttributes":null,"_properties":null,"_methods":null,"file":"/Users/bharath/BDGuardian/BDGuardianNew/force-app/main/default/lwc/confirmationModal/confirmationModal.js","metadata":{"decorators":[{"type":"api","targets":[{"type":"property","name":"title","value":{"type":"unresolved"}},{"type":"property","name":"confirmationMessage","value":{"type":"unresolved"}},{"type":"property","name":"acceptLabel","value":{"type":"unresolved"}},{"type":"property","name":"rejectLabel","value":{"type":"unresolved"}},{"type":"method","name":"getConfirmation"}]},{"type":"track","targets":[{"name":"isOpen","type":"property"},{"name":"hasCustomSlot","type":"property"},{"name":"promiseVars","type":"property"}]}],"declarationLoc":{"start":{"line":10,"column":0},"end":{"line":97,"column":1}},"classMembers":[{"type":"property","name":"title","loc":{"start":{"line":16,"column":4},"end":{"line":16,"column":31}},"decorator":"api","value":{"type":"unresolved"}},{"type":"property","name":"confirmationMessage","loc":{"start":{"line":17,"column":4},"end":{"line":17,"column":47}},"decorator":"api","value":{"type":"unresolved"}},{"type":"property","name":"acceptLabel","loc":{"start":{"line":18,"column":4},"end":{"line":18,"column":44}},"decorator":"api","value":{"type":"unresolved"}},{"type":"property","name":"rejectLabel","loc":{"start":{"line":19,"column":4},"end":{"line":19,"column":44}},"decorator":"api","value":{"type":"unresolved"}},{"type":"property","name":"isOpen","loc":{"start":{"line":25,"column":4},"end":{"line":25,"column":18}},"decorator":"track"},{"type":"property","name":"hasCustomSlot","loc":{"start":{"line":26,"column":4},"end":{"line":26,"column":33}},"decorator":"track"},{"type":"property","name":"promiseVars","loc":{"start":{"line":27,"column":4},"end":{"line":27,"column":67}},"decorator":"track"},{"type":"method","name":"onSlotChange","loc":{"start":{"line":33,"column":4},"end":{"line":33,"column":49}}},{"type":"method","name":"onReject","loc":{"start":{"line":34,"column":4},"end":{"line":34,"column":39}}},{"type":"method","name":"onAccept","loc":{"start":{"line":35,"column":4},"end":{"line":35,"column":39}}},{"type":"method","name":"getConfirmation","loc":{"start":{"line":47,"column":4},"end":{"line":53,"column":5}},"doc":"*\r\n     * This method is an attempt at minimising the steps required for requesting confirmation from a user, making it easier to handle through\r\n     * the use of a promise that will resolve when the user confirms, or rejects if they cancel. Calling this method will cause a modal to appear\r\n     * with a confirmation message, and two buttons for Rejecting and Accepting the confirmation\r\n     * @returns {Promise<void>} Returns a promise that will be resolved when the user accepts, or rejected if they cancel","decorator":"api"},{"type":"method","name":"handleSlotChange","loc":{"start":{"line":64,"column":4},"end":{"line":66,"column":5}},"doc":"*\r\n     * This method handles the slot change event, and updates `hasCustomSlot` to true if the slot has children, otherwise it is set to false.\r\n     * This is so we can display the default message if the slot is not populated, or display the slot instead of the default message.\r\n     * @param {Event} e SlotChangeEvent"},{"type":"method","name":"handleReject","loc":{"start":{"line":71,"column":4},"end":{"line":74,"column":5}},"doc":"*\r\n     * Handles when the user clicks on the reject button"},{"type":"method","name":"handleAccept","loc":{"start":{"line":79,"column":4},"end":{"line":82,"column":5}},"doc":"*\r\n     * Handles when the user clicks on the accept button"},{"type":"method","name":"resetVars","loc":{"start":{"line":91,"column":4},"end":{"line":95,"column":5}},"doc":"*\r\n     * Helper method to reset the vars once a choice has been made"}],"exports":[{"type":"ExportDefaultDeclaration"}]},"updatedAt":"2023-01-10T15:14:15.964Z"},{"_allAttributes":null,"_properties":null,"_methods":null,"file":"/Users/bharath/BDGuardian/BDGuardianNew/force-app/main/default/lwc/copyEmailMessages/copyEmailMessages.js","metadata":{"decorators":[{"type":"api","targets":[{"type":"property","name":"recordId"}]},{"type":"track","targets":[{"name":"error","type":"property"},{"name":"loading","type":"property"},{"name":"selectedCaseId","type":"property"}]}],"exports":[{"type":"ExportDefaultDeclaration"}]},"updatedAt":"2023-01-10T15:14:15.953Z"},{"_allAttributes":null,"_properties":null,"_methods":null,"file":"/Users/bharath/BDGuardian/BDGuardianNew/force-app/main/default/lwc/coverDetail/coverDetail.js","metadata":{"decorators":[{"type":"api","targets":[{"type":"property","name":"policyRef","value":{"type":"unresolved"}},{"type":"property","name":"coverRef","value":{"type":"unresolved"}}]},{"type":"track","targets":[{"name":"formData","type":"property"}]}],"exports":[{"type":"ExportDefaultDeclaration"}]},"updatedAt":"2023-01-10T15:14:15.958Z"},{"_allAttributes":null,"_properties":null,"_methods":null,"file":"/Users/bharath/BDGuardian/BDGuardianNew/force-app/main/default/lwc/coverRoles/coverRoles.js","metadata":{"decorators":[{"type":"api","targets":[{"type":"property","name":"policyRef","value":{"type":"unresolved"}},{"type":"property","name":"coverRef","value":{"type":"unresolved"}}]},{"type":"track","targets":[{"name":"cardTitle","type":"property"},{"name":"data","type":"property"},{"name":"columns","type":"property"}]}],"exports":[{"type":"ExportDefaultDeclaration"}]},"updatedAt":"2023-01-10T15:14:15.870Z"},{"_allAttributes":null,"_properties":null,"_methods":null,"file":"/Users/bharath/BDGuardian/BDGuardianNew/force-app/main/default/lwc/coverSummary/coverSummary.js","metadata":{"decorators":[{"type":"api","targets":[{"type":"property","name":"displayExpandedFields","value":{"type":"boolean","value":false}},{"type":"property","name":"displayActiveOnly","value":{"type":"boolean","value":false}},{"type":"property","name":"displayMatchingProductGroupOnly","value":{"type":"boolean","value":false}},{"type":"property","name":"recordId","value":{"type":"unresolved"}}]},{"type":"track","targets":[{"name":"policyNumberExists","type":"property"}]}],"declarationLoc":{"start":{"line":3,"column":0},"end":{"line":41,"column":1}},"classMembers":[{"type":"property","name":"displayExpandedFields","loc":{"start":{"line":9,"column":4},"end":{"line":9,"column":39}},"decorator":"api","value":{"type":"boolean","value":false}},{"type":"property","name":"displayActiveOnly","loc":{"start":{"line":10,"column":4},"end":{"line":10,"column":35}},"decorator":"api","value":{"type":"boolean","value":false}},{"type":"property","name":"displayMatchingProductGroupOnly","loc":{"start":{"line":11,"column":4},"end":{"line":11,"column":49}},"decorator":"api","value":{"type":"boolean","value":false}},{"type":"property","name":"recordId","loc":{"start":{"line":12,"column":4},"end":{"line":12,"column":18}},"decorator":"api","value":{"type":"unresolved"}},{"type":"property","name":"policyNumberExists","loc":{"start":{"line":13,"column":4},"end":{"line":13,"column":37}},"decorator":"track"},{"type":"method","name":"handlePolicyNumberExists","loc":{"start":{"line":14,"column":4},"end":{"line":17,"column":5}}},{"type":"property","name":"activeTableTags","loc":{"start":{"line":23,"column":4},"end":{"line":27,"column":5}}},{"type":"property","name":"inactiveTableTags","loc":{"start":{"line":29,"column":4},"end":{"line":31,"column":5}}},{"type":"method","name":"onAccountChange","loc":{"start":{"line":37,"column":4},"end":{"line":39,"column":5}}}],"exports":[{"type":"ExportDefaultDeclaration"}]},"updatedAt":"2023-01-10T15:14:15.907Z"},{"_allAttributes":null,"_properties":null,"_methods":null,"file":"/Users/bharath/BDGuardian/BDGuardianNew/force-app/main/default/lwc/coverTable/coverTable.js","metadata":{"decorators":[{"type":"api","targets":[{"type":"property","name":"recordId","value":{"type":"unresolved"}},{"type":"property","name":"displayActiveCovers","value":{"type":"boolean","value":false}},{"type":"property","name":"shownTags","value":{"type":"array","value":[]}},{"type":"property","name":"title","value":{"type":"string","value":"Covers"}},{"type":"property","name":"filterByProductGroup","value":{"type":"boolean","value":false}},{"type":"property","name":"policyNumberExists","value":{"type":"unresolved"}},{"type":"method","name":"onAccountChange"}]},{"type":"wire","targets":[{"name":"case","adapter":{"name":"getRecord","reference":"lightning/uiRecordApi"},"type":"property","static":{"fields":{"type":"unresolved","value":"identifier"}},"params":{"recordId":"recordId"}}]},{"type":"track","targets":[{"name":"columns","type":"property"},{"name":"data","type":"property"}]}],"exports":[{"type":"ExportDefaultDeclaration"}]},"updatedAt":"2023-01-10T15:14:15.863Z"},{"_allAttributes":null,"_properties":null,"_methods":null,"file":"/Users/bharath/BDGuardian/BDGuardianNew/force-app/main/default/lwc/coverTabs/coverTabs.js","metadata":{"decorators":[{"type":"api","targets":[{"type":"property","name":"policyref","value":{"type":"unresolved"}},{"type":"property","name":"coverDefault","value":{"type":"unresolved"}}]},{"type":"track","targets":[{"name":"isLoading","type":"property"},{"name":"openTab","type":"property"},{"name":"tabs","type":"property"},{"name":"errorMessage","type":"property"}]}],"exports":[{"type":"ExportDefaultDeclaration"}]},"updatedAt":"2023-01-10T15:14:15.866Z"},{"_allAttributes":null,"_properties":null,"_methods":null,"file":"/Users/bharath/BDGuardian/BDGuardianNew/force-app/main/default/lwc/disableExtranet/disableExtranet.js","metadata":{"decorators":[{"type":"api","targets":[{"type":"property","name":"recordId"},{"type":"property","name":"type","value":{"type":"unresolved"}},{"type":"method","name":"clearState"}]},{"type":"wire","targets":[{"name":"getRecordFunc","adapter":{"name":"getRecord","reference":"lightning/uiRecordApi"},"type":"method","static":{},"params":{"recordId":"recordId","fields":"nameFields"}}]},{"type":"track","targets":[{"name":"_recordId","type":"property"},{"name":"error","type":"property"},{"name":"loading","type":"property"},{"name":"record","type":"property"},{"name":"finished","type":"property"}]}],"exports":[{"type":"ExportDefaultDeclaration"}]},"updatedAt":"2023-01-10T15:14:15.923Z"},{"_allAttributes":null,"_properties":null,"_methods":null,"file":"/Users/bharath/BDGuardian/BDGuardianNew/force-app/main/default/lwc/errorPanel/errorPanel.js","metadata":{"decorators":[{"type":"api","targets":[{"type":"property","name":"type","value":{"type":"unresolved"}},{"type":"property","name":"text","value":{"type":"unresolved"}}]}],"declarationLoc":{"start":{"line":3,"column":0},"end":{"line":10,"column":1}},"classMembers":[{"type":"property","name":"type","loc":{"start":{"line":4,"column":4},"end":{"line":4,"column":14}},"decorator":"api","value":{"type":"unresolved"}},{"type":"property","name":"text","loc":{"start":{"line":5,"column":4},"end":{"line":5,"column":14}},"decorator":"api","value":{"type":"unresolved"}},{"type":"property","name":"isWarning","loc":{"start":{"line":7,"column":4},"end":{"line":7,"column":70}}},{"type":"property","name":"isError","loc":{"start":{"line":8,"column":4},"end":{"line":8,"column":68}}},{"type":"property","name":"message","loc":{"start":{"line":9,"column":4},"end":{"line":9,"column":40}}}],"exports":[{"type":"ExportDefaultDeclaration"}]},"updatedAt":"2023-01-10T15:14:15.928Z"},{"_allAttributes":null,"_properties":null,"_methods":null,"file":"/Users/bharath/BDGuardian/BDGuardianNew/force-app/main/default/lwc/expandableSection/expandableSection.js","metadata":{"decorators":[{"type":"api","targets":[{"type":"property","name":"title","value":{"type":"string"}},{"type":"property","name":"expandable","value":{"type":"boolean","value":false}},{"type":"property","name":"expanded","value":{"type":"boolean","value":false}},{"type":"method","name":"expand"},{"type":"method","name":"collapse"}]}],"declarationLoc":{"start":{"line":6,"column":0},"end":{"line":39,"column":1}},"classMembers":[{"type":"property","name":"title","loc":{"start":{"line":8,"column":4},"end":{"line":9,"column":15}},"decorator":"api","value":{"type":"string"}},{"type":"property","name":"expandable","loc":{"start":{"line":10,"column":4},"end":{"line":11,"column":23}},"decorator":"api","value":{"type":"boolean","value":false}},{"type":"property","name":"expanded","loc":{"start":{"line":12,"column":4},"end":{"line":13,"column":21}},"decorator":"api","value":{"type":"boolean","value":false}},{"type":"property","name":"buttonClass","loc":{"start":{"line":15,"column":4},"end":{"line":17,"column":5}}},{"type":"property","name":"sectionClass","loc":{"start":{"line":19,"column":4},"end":{"line":21,"column":5}}},{"type":"method","name":"expand","loc":{"start":{"line":23,"column":4},"end":{"line":26,"column":5}},"decorator":"api"},{"type":"method","name":"collapse","loc":{"start":{"line":28,"column":4},"end":{"line":31,"column":5}},"decorator":"api"},{"type":"method","name":"onSectionClick","loc":{"start":{"line":33,"column":4},"end":{"line":37,"column":5}}}],"exports":[{"type":"ExportDefaultDeclaration"}]},"updatedAt":"2023-01-10T15:14:15.849Z"},{"_allAttributes":null,"_properties":null,"_methods":null,"file":"/Users/bharath/BDGuardian/BDGuardianNew/force-app/main/default/lwc/form/form.js","metadata":{"decorators":[{"type":"api","targets":[{"type":"property","name":"identifier","value":{"type":"unresolved"}},{"type":"property","name":"layoutData","value":{"type":"unresolved"}},{"type":"property","name":"formData","value":{"type":"unresolved"}},{"type":"method","name":"rebuildLayout"},{"type":"method","name":"syncFields"}]},{"type":"track","targets":[{"name":"isLoading","type":"property"},{"name":"errorMessage","type":"property"},{"name":"hiddenFields","type":"property"},{"name":"sections","type":"property"}]}],"doc":"A Form that takes in a set of fields and renders it based on the Salesforce\nform view.","declarationLoc":{"start":{"line":45,"column":0},"end":{"line":348,"column":1}},"classMembers":[{"type":"property","name":"identifier","loc":{"start":{"line":51,"column":4},"end":{"line":51,"column":20}},"decorator":"api","value":{"type":"unresolved"}},{"type":"property","name":"layoutData","loc":{"start":{"line":52,"column":4},"end":{"line":52,"column":20}},"decorator":"api","value":{"type":"unresolved"}},{"type":"property","name":"formData","loc":{"start":{"line":53,"column":4},"end":{"line":53,"column":18}},"decorator":"api","value":{"type":"unresolved"}},{"type":"property","name":"isLoading","loc":{"start":{"line":55,"column":4},"end":{"line":55,"column":28}},"decorator":"track"},{"type":"property","name":"errorMessage","loc":{"start":{"line":56,"column":4},"end":{"line":56,"column":24}},"decorator":"track"},{"type":"property","name":"hiddenFields","loc":{"start":{"line":57,"column":4},"end":{"line":57,"column":29}},"decorator":"track"},{"type":"property","name":"sections","loc":{"start":{"line":58,"column":4},"end":{"line":58,"column":25}},"decorator":"track"},{"type":"method","name":"connectedCallback","loc":{"start":{"line":67,"column":4},"end":{"line":79,"column":5}},"doc":"Once connected, create sections and initialise hidden fields"},{"type":"method","name":"buildLayout","loc":{"start":{"line":84,"column":4},"end":{"line":92,"column":5}},"doc":"Builds the sections for the form based on the given API inputs"},{"type":"method","name":"rebuildLayout","loc":{"start":{"line":97,"column":4},"end":{"line":116,"column":5}},"doc":"For rebuilding the layout with a refreshed layout component","decorator":"api"},{"type":"method","name":"buildHiddenFields","loc":{"start":{"line":123,"column":4},"end":{"line":141,"column":5}},"doc":"If an identifier is specified for this form, then grab any metadata for it\nand create filters, and check against any dependent fields using it to know\nif we should hide any fields"},{"type":"method","name":"makeId","loc":{"start":{"line":152,"column":4},"end":{"line":158,"column":5}},"doc":"@param {Integer} length : The length of the Id we want\n@returns randomId : The randomId produced"},{"type":"method","name":"areArraysEquals","loc":{"start":{"line":166,"column":4},"end":{"line":175,"column":5}},"doc":"@param {Array} _array1 : 1st array\n@param {Array} _array2 : 2nd array\n@returns Boolean : \"true\" if the arrays are equal, \"false\" if they are not"},{"type":"method","name":"validateMetadata","loc":{"start":{"line":183,"column":4},"end":{"line":187,"column":5}},"doc":"Runs some validation checks to make sure we can understand the given metadata. Any errors are\nthrown and should be caught in a catch block and handled there.\n@param {Object} pMetadata Form_Conditional_Field__mdt SObject\n@returns {Boolean} True if valid metadata, false otherwise"},{"type":"method","name":"buildFilterFromMetadata","loc":{"start":{"line":198,"column":4},"end":{"line":225,"column":5}},"doc":"Builds a filter object from the given metadata. The idea here is to build a filter engine that\ncompares values using different operators with different levels of grouping (e.g 1 AND 2 OR 3 AND 4)\nwhich this filter structure lets us do.\nThe output should be used in tandem with `checkValueAgainstFilter`\n@param {Object} pMetadata Form_Conditional_Field__mdt SObject\n@returns {Object} Parsed fiter object containing an Operator\nand either an array of additional filters or a value to compare against"},{"type":"method","name":"checkValueAgainstFilter","loc":{"start":{"line":235,"column":4},"end":{"line":265,"column":5}},"doc":"Validates the given input based on a recursive filter object structure\n@param {String|Boolean|Integer} pValue Response to Question\n@param {Object} pAskCondition Filter\n@param {String} pAskCondition.Operator Either Joining Operator (And/Or) or Equality Operator (MoreThan, LessThan, Equal, NotEqual)\n@param {Object[]|String|Boolean|Integer} pAskCondition.Value Array of additional filters, or value for comparison\n@returns {Boolean} True if filter is correct, false otherwise"},{"type":"method","name":"rerender","loc":{"start":{"line":271,"column":4},"end":{"line":273,"column":5}},"doc":"Rerenders the component by updating a tracked property.\nUsed because the child classes have no way of having tracked properties for a rerender"},{"type":"method","name":"handleChange","loc":{"start":{"line":279,"column":4},"end":{"line":289,"column":5}},"doc":"When there is a change in an input field, we dispatch an event including the details for the parent component\n@param {Object} event"},{"type":"method","name":"handleClick","loc":{"start":{"line":295,"column":4},"end":{"line":299,"column":5}},"doc":"When there is a click on a button in the screen\n@param {Object} event"},{"type":"method","name":"syncFields","loc":{"start":{"line":305,"column":4},"end":{"line":347,"column":5}},"doc":"We need to sync the input values seen on the screen with the actual values of this.formData\nIf we don't do this, the input values are not restoring back to their initial values in case of \"Cancel\".","decorator":"api"}],"exports":[{"type":"ExportDefaultDeclaration"}]},"updatedAt":"2023-01-10T15:14:15.854Z"},{"_allAttributes":null,"_properties":null,"_methods":null,"file":"/Users/bharath/BDGuardian/BDGuardianNew/force-app/main/default/lwc/inputSearch/inputSearch.js","metadata":{"decorators":[{"type":"api","targets":[{"type":"property","name":"label","value":{"type":"string"}},{"type":"property","name":"placeholder","value":{"type":"string","value":"Search ..."}},{"type":"property","name":"variant","value":{"type":"string","value":"standard"}},{"type":"property","name":"iconName","value":{"type":"null","value":null}},{"type":"property","name":"value"},{"type":"property","name":"dropdownAlignment"},{"type":"property","name":"name"},{"type":"method","name":"clear"}]},{"type":"track","targets":[{"name":"inputHasFocus","type":"property"},{"name":"loadingResults","type":"property"},{"name":"results","type":"property"},{"name":"selectedRecord","type":"property"}]}],"declarationLoc":{"start":{"line":3,"column":0},"end":{"line":250,"column":1}},"classMembers":[{"type":"property","name":"label","loc":{"start":{"line":4,"column":4},"end":{"line":4,"column":26}},"decorator":"api","value":{"type":"string"}},{"type":"property","name":"placeholder","loc":{"start":{"line":5,"column":4},"end":{"line":5,"column":36}},"decorator":"api","value":{"type":"string","value":"Search ..."}},{"type":"property","name":"variant","loc":{"start":{"line":6,"column":4},"end":{"line":6,"column":34}},"decorator":"api","value":{"type":"string","value":"standard"}},{"type":"property","name":"iconName","loc":{"start":{"line":7,"column":4},"end":{"line":7,"column":28}},"decorator":"api","value":{"type":"null","value":null}},{"type":"property","name":"value","loc":{"start":{"line":9,"column":4},"end":{"line":10,"column":54}},"decorator":"api"},{"type":"property","name":"dropdownAlignment","loc":{"start":{"line":42,"column":4},"end":{"line":43,"column":55}},"decorator":"api"},{"type":"property","name":"name","loc":{"start":{"line":46,"column":4},"end":{"line":47,"column":75}},"decorator":"api"},{"type":"property","name":"inputHasFocus","loc":{"start":{"line":49,"column":4},"end":{"line":49,"column":34}},"decorator":"track"},{"type":"property","name":"loadingResults","loc":{"start":{"line":50,"column":4},"end":{"line":50,"column":34}},"decorator":"track"},{"type":"property","name":"results","loc":{"start":{"line":51,"column":4},"end":{"line":51,"column":33}},"decorator":"track"},{"type":"property","name":"selectedRecord","loc":{"start":{"line":52,"column":4},"end":{"line":52,"column":32}},"decorator":"track"},{"type":"property","name":"latestReq","loc":{"start":{"line":55,"column":4},"end":{"line":55,"column":23}}},{"type":"property","name":"searchQuery","loc":{"start":{"line":56,"column":4},"end":{"line":56,"column":26}}},{"type":"property","name":"recalcListener","loc":{"start":{"line":57,"column":4},"end":{"line":57,"column":26}}},{"type":"property","name":"ignoreBlur","loc":{"start":{"line":58,"column":4},"end":{"line":58,"column":27}}},{"type":"property","name":"showDropdown","loc":{"start":{"line":60,"column":4},"end":{"line":60,"column":107}}},{"type":"property","name":"elementClass","loc":{"start":{"line":62,"column":4},"end":{"line":62,"column":129}}},{"type":"property","name":"comboboxClass","loc":{"start":{"line":63,"column":4},"end":{"line":63,"column":166}}},{"type":"property","name":"containerClass","loc":{"start":{"line":64,"column":4},"end":{"line":64,"column":125}}},{"type":"property","name":"showLabel","loc":{"start":{"line":65,"column":4},"end":{"line":65,"column":68}}},{"type":"method","name":"clear","loc":{"start":{"line":67,"column":4},"end":{"line":70,"column":5}},"decorator":"api"},{"type":"method","name":"connectedCallback","loc":{"start":{"line":72,"column":4},"end":{"line":76,"column":5}}},{"type":"method","name":"disconnectedCallback","loc":{"start":{"line":77,"column":4},"end":{"line":82,"column":5}}},{"type":"method","name":"recalculateDropdownPosition","loc":{"start":{"line":84,"column":4},"end":{"line":133,"column":5}}},{"type":"method","name":"setSearchQuery","loc":{"start":{"line":135,"column":4},"end":{"line":170,"column":5}}},{"type":"method","name":"searchChanged","loc":{"start":{"line":171,"column":4},"end":{"line":173,"column":5}}},{"type":"method","name":"searchFocused","loc":{"start":{"line":174,"column":4},"end":{"line":183,"column":5}}},{"type":"method","name":"searchBlurred","loc":{"start":{"line":184,"column":4},"end":{"line":192,"column":5}}},{"type":"method","name":"clearSearchQuery","loc":{"start":{"line":193,"column":4},"end":{"line":196,"column":5}}},{"type":"method","name":"listMousedown","loc":{"start":{"line":197,"column":4},"end":{"line":202,"column":5}}},{"type":"method","name":"resultSelected","loc":{"start":{"line":203,"column":4},"end":{"line":210,"column":5}}},{"type":"method","name":"removeSelected","loc":{"start":{"line":211,"column":4},"end":{"line":219,"column":5}}},{"type":"method","name":"setDropdownAlignment","loc":{"start":{"line":221,"column":4},"end":{"line":249,"column":5}}}],"exports":[{"type":"ExportDefaultDeclaration"}]},"updatedAt":"2023-01-10T15:14:15.844Z"},{"_allAttributes":null,"_properties":null,"_methods":null,"file":"/Users/bharath/BDGuardian/BDGuardianNew/force-app/main/default/lwc/listContainer/listContainer.js","metadata":{"decorators":[{"type":"api","targets":[{"type":"property","name":"iconName","value":{"type":"null","value":null}},{"type":"property","name":"footerless","value":{"type":"boolean","value":false}}]}],"declarationLoc":{"start":{"line":3,"column":0},"end":{"line":8,"column":1}},"classMembers":[{"type":"property","name":"iconName","loc":{"start":{"line":4,"column":4},"end":{"line":4,"column":27}},"decorator":"api","value":{"type":"null","value":null}},{"type":"property","name":"footerless","loc":{"start":{"line":5,"column":4},"end":{"line":5,"column":28}},"decorator":"api","value":{"type":"boolean","value":false}},{"type":"property","name":"showIcon","loc":{"start":{"line":7,"column":4},"end":{"line":7,"column":47}}}],"exports":[{"type":"ExportDefaultDeclaration"}]},"updatedAt":"2023-01-10T15:14:15.788Z"},{"_allAttributes":null,"_properties":null,"_methods":null,"file":"/Users/bharath/BDGuardian/BDGuardianNew/force-app/main/default/lwc/loadWrapper/loadWrapper.js","metadata":{"decorators":[{"type":"api","targets":[{"type":"property","name":"isLoading","value":{"type":"boolean","value":false}},{"type":"property","name":"errorMessage","value":{"type":"unresolved"}}]}],"declarationLoc":{"start":{"line":5,"column":0},"end":{"line":12,"column":1}},"classMembers":[{"type":"property","name":"errorPrefix","loc":{"start":{"line":7,"column":4},"end":{"line":7,"column":48}}},{"type":"property","name":"isLoading","loc":{"start":{"line":9,"column":4},"end":{"line":9,"column":27}},"decorator":"api","value":{"type":"boolean","value":false}},{"type":"property","name":"errorMessage","loc":{"start":{"line":10,"column":4},"end":{"line":10,"column":22}},"decorator":"api","value":{"type":"unresolved"}}],"exports":[{"type":"ExportDefaultDeclaration"}]},"updatedAt":"2023-01-10T15:14:15.764Z"},{"_allAttributes":null,"_properties":null,"_methods":null,"file":"/Users/bharath/BDGuardian/BDGuardianNew/force-app/main/default/lwc/modal/modal.js","metadata":{"decorators":[{"type":"api","targets":[{"type":"property","name":"headless","value":{"type":"boolean","value":false}},{"type":"property","name":"footless","value":{"type":"boolean","value":false}},{"type":"property","name":"size","value":{"type":"unresolved"}},{"type":"property","name":"show"}]},{"type":"track","targets":[{"name":"internalShow","type":"property"},{"name":"closed","type":"property"}]}],"doc":"@description A modal which tries to be as close to a standard Salesforce\nmodal as possible.\n\nWhen the close button is pressed (the \"X\" icon) it will fire a `close` event,\nbut it will not actually close on its own. The caller will need to catch this\nevent and change the `show` parameter in order to close the modal.\n\n@param {boolean} headless If this is true, it will not show a header for the\ncomponent. If this is false, anything in the `header` slot will be shown in\nthe header.\n@param {boolean} footless If this is true, it will not show a footer for the\ncomponent. If this is false, anything in the `footer` slot will be shown in\nthe footer.\n@param {string} size Either 'small', 'medium', 'large'. Determines the size\nof the modal. Can be null.\n@param {boolean} show Whether or not the modal is visible. This component\nshould not be hidden behind an `if:true`/`if:false` directive otherwise the\ncomponent will instantly disappear when it is closed. Using this `show`\ninstead will make it so that the component will fade in and out when loading\nand being closed.","declarationLoc":{"start":{"line":25,"column":0},"end":{"line":80,"column":1}},"classMembers":[{"type":"property","name":"headless","loc":{"start":{"line":26,"column":4},"end":{"line":26,"column":26}},"decorator":"api","value":{"type":"boolean","value":false}},{"type":"property","name":"footless","loc":{"start":{"line":27,"column":4},"end":{"line":27,"column":26}},"decorator":"api","value":{"type":"boolean","value":false}},{"type":"property","name":"size","loc":{"start":{"line":28,"column":4},"end":{"line":28,"column":14}},"decorator":"api","value":{"type":"unresolved"}},{"type":"property","name":"show","loc":{"start":{"line":30,"column":4},"end":{"line":33,"column":5}},"decorator":"api"},{"type":"property","name":"internalShow","loc":{"start":{"line":58,"column":4},"end":{"line":58,"column":32}},"decorator":"track"},{"type":"property","name":"closed","loc":{"start":{"line":59,"column":4},"end":{"line":59,"column":31}},"decorator":"track"},{"type":"property","name":"sectionClass","loc":{"start":{"line":62,"column":4},"end":{"line":62,"column":130}}},{"type":"property","name":"backdropClass","loc":{"start":{"line":63,"column":4},"end":{"line":63,"column":102}}},{"type":"property","name":"stateClass","loc":{"start":{"line":64,"column":4},"end":{"line":64,"column":68}}},{"type":"property","name":"sizeClass","loc":{"start":{"line":66,"column":4},"end":{"line":75,"column":5}}},{"type":"method","name":"onClose","loc":{"start":{"line":77,"column":4},"end":{"line":79,"column":5}}}],"exports":[{"type":"ExportDefaultDeclaration"}]},"updatedAt":"2023-01-10T15:14:15.779Z"},{"_allAttributes":null,"_properties":null,"_methods":null,"file":"/Users/bharath/BDGuardian/BDGuardianNew/force-app/main/default/lwc/modalPanel/modalPanel.js","metadata":{"decorators":[{"type":"api","targets":[{"type":"property","name":"headless","value":{"type":"boolean","value":false}},{"type":"property","name":"footless","value":{"type":"boolean","value":false}}]}],"declarationLoc":{"start":{"line":3,"column":0},"end":{"line":6,"column":1}},"classMembers":[{"type":"property","name":"headless","loc":{"start":{"line":4,"column":4},"end":{"line":4,"column":26}},"decorator":"api","value":{"type":"boolean","value":false}},{"type":"property","name":"footless","loc":{"start":{"line":5,"column":4},"end":{"line":5,"column":26}},"decorator":"api","value":{"type":"boolean","value":false}}],"exports":[{"type":"ExportDefaultDeclaration"}]},"updatedAt":"2023-01-10T15:14:15.823Z"},{"_allAttributes":null,"_properties":null,"_methods":null,"file":"/Users/bharath/BDGuardian/BDGuardianNew/force-app/main/default/lwc/multiRecordChangeNotifier/multiRecordChangeNotifier.js","metadata":{"decorators":[{"type":"api","targets":[{"type":"property","name":"recordIds","value":{"type":"unresolved"}}]}],"doc":"@description This is an extension to the `record-change-notifier` component\nwhich supports tracking multiple Ids at a time.\n\n@param recordIds The ids of the records which need to be tracked.","declarationLoc":{"start":{"line":9,"column":0},"end":{"line":15,"column":1}},"classMembers":[{"type":"property","name":"recordIds","loc":{"start":{"line":10,"column":4},"end":{"line":10,"column":19}},"decorator":"api","value":{"type":"unresolved"}},{"type":"method","name":"onChange","loc":{"start":{"line":12,"column":4},"end":{"line":14,"column":5}}}],"exports":[{"type":"ExportDefaultDeclaration"}]},"updatedAt":"2023-01-10T15:14:15.837Z"},{"_allAttributes":null,"_properties":null,"_methods":null,"file":"/Users/bharath/BDGuardian/BDGuardianNew/force-app/main/default/lwc/multilineTooltip/multilineTooltip.js","metadata":{"decorators":[{"type":"api","targets":[{"type":"property","name":"value","value":{"type":"unresolved"}}]}],"declarationLoc":{"start":{"line":3,"column":0},"end":{"line":32,"column":1}},"classMembers":[{"type":"property","name":"value","loc":{"start":{"line":5,"column":4},"end":{"line":5,"column":15}},"decorator":"api","value":{"type":"unresolved"}},{"type":"property","name":"nubbinElement","loc":{"start":{"line":7,"column":4},"end":{"line":7,"column":93}}},{"type":"property","name":"tooltipElement","loc":{"start":{"line":8,"column":4},"end":{"line":8,"column":95}}},{"type":"method","name":"onMouseOver","loc":{"start":{"line":10,"column":4},"end":{"line":10,"column":40}}},{"type":"method","name":"onMouseOut","loc":{"start":{"line":11,"column":4},"end":{"line":11,"column":39}}},{"type":"method","name":"showNubbin","loc":{"start":{"line":13,"column":4},"end":{"line":17,"column":5}}},{"type":"method","name":"hideNubbin","loc":{"start":{"line":19,"column":4},"end":{"line":22,"column":5}}},{"type":"method","name":"updateNubbinPosition","loc":{"start":{"line":24,"column":4},"end":{"line":31,"column":5}}}],"exports":[{"type":"ExportDefaultDeclaration"}]},"updatedAt":"2023-01-10T15:14:15.804Z"},{"_allAttributes":null,"_properties":null,"_methods":null,"file":"/Users/bharath/BDGuardian/BDGuardianNew/force-app/main/default/lwc/newProductClaim/newProductClaim.js","metadata":{"decorators":[{"type":"api","targets":[{"type":"property","name":"recordId"}]},{"type":"wire","targets":[{"name":"case","adapter":{"name":"getRecord","reference":"lightning/uiRecordApi"},"type":"property","static":{"fields":{"type":"unresolved","value":"identifier"}},"params":{"recordId":"recordId"}}]}],"exports":[{"type":"ExportDefaultDeclaration"}]},"updatedAt":"2023-01-10T15:14:15.812Z"},{"_allAttributes":null,"_properties":null,"_methods":null,"file":"/Users/bharath/BDGuardian/BDGuardianNew/force-app/main/default/lwc/newQaEvaluation/newQaEvaluation.js","metadata":{"decorators":[{"type":"api","targets":[{"type":"property","name":"recordId","value":{"type":"unresolved"}},{"type":"method","name":"invoke"}]}],"exports":[{"type":"ExportDefaultDeclaration"}]},"updatedAt":"2023-01-10T15:14:15.730Z"},{"_allAttributes":null,"_properties":null,"_methods":null,"file":"/Users/bharath/BDGuardian/BDGuardianNew/force-app/main/default/lwc/policyDetailPage/policyDetailPage.js","metadata":{"decorators":[{"type":"api","targets":[{"type":"property","name":"policyRef","value":{"type":"unresolved"}},{"type":"property","name":"selectedCover","value":{"type":"unresolved"}}]}],"declarationLoc":{"start":{"line":3,"column":0},"end":{"line":25,"column":1}},"classMembers":[{"type":"property","name":"policyRef","loc":{"start":{"line":5,"column":4},"end":{"line":5,"column":19}},"decorator":"api","value":{"type":"unresolved"}},{"type":"property","name":"selectedCover","loc":{"start":{"line":6,"column":4},"end":{"line":6,"column":23}},"decorator":"api","value":{"type":"unresolved"}},{"type":"method","name":"connectedCallback","loc":{"start":{"line":8,"column":4},"end":{"line":23,"column":5}}}],"exports":[{"type":"ExportDefaultDeclaration"}]},"updatedAt":"2023-01-10T15:14:15.744Z"},{"_allAttributes":null,"_properties":null,"_methods":null,"file":"/Users/bharath/BDGuardian/BDGuardianNew/force-app/main/default/lwc/policyHighlightPanel/policyHighlightPanel.js","metadata":{"decorators":[{"type":"api","targets":[{"type":"property","name":"policyref","value":{"type":"unresolved"}}]},{"type":"wire","targets":[{"name":"onAccountLoad","adapter":{"name":"fetchAccountForPolicyNumber","reference":"@salesforce/apex/PolicyHeader_LEx.fetchAccountForPolicyNumber"},"type":"method","static":{},"params":{"pPolicyNumber":"policyref"}}]},{"type":"track","targets":[{"name":"account","type":"property"},{"name":"accountUrl","type":"property"},{"name":"openCaseId","type":"property"}]}],"exports":[{"type":"ExportDefaultDeclaration"}]},"updatedAt":"2023-01-10T15:14:15.724Z"},{"_allAttributes":null,"_properties":null,"_methods":null,"file":"/Users/bharath/BDGuardian/BDGuardianNew/force-app/main/default/lwc/premiumDetail/premiumDetail.js","metadata":{"decorators":[{"type":"api","targets":[{"type":"property","name":"policyRef","value":{"type":"unresolved"}},{"type":"property","name":"coverRef","value":{"type":"unresolved"}}]},{"type":"track","targets":[{"name":"isLoading","type":"property"},{"name":"errorMessage","type":"property"},{"name":"formData","type":"property"},{"name":"premiumData","type":"property"}]}],"exports":[{"type":"ExportDefaultDeclaration"}]},"updatedAt":"2023-01-10T15:14:15.726Z"},{"_allAttributes":null,"_properties":null,"_methods":null,"file":"/Users/bharath/BDGuardian/BDGuardianNew/force-app/main/default/lwc/premiumHistory/premiumHistory.js","metadata":{"decorators":[{"type":"api","targets":[{"type":"property","name":"coverRef","value":{"type":"unresolved"}},{"type":"property","name":"policyRef","value":{"type":"unresolved"}},{"type":"property","name":"title","value":{"type":"string","value":"Policy Premium History"}},{"type":"property","name":"cardTitle","value":{"type":"unresolved"}},{"type":"property","name":"totalNumberOfItems","value":{"type":"unresolved"}},{"type":"property","name":"outstandingBalance","value":{"type":"unresolved"}},{"type":"property","name":"premiums","value":{"type":"unresolved"}}]},{"type":"track","targets":[{"name":"columns","type":"property"},{"name":"data","type":"property"},{"name":"errorMessage","type":"property"},{"name":"isLoading","type":"property"},{"name":"summary","type":"property"},{"name":"numberOfSummaryRows","type":"property"},{"name":"expandedLink","type":"property"}]}],"exports":[{"type":"ExportDefaultDeclaration"}]},"updatedAt":"2023-01-10T15:14:15.756Z"},{"_allAttributes":null,"_properties":null,"_methods":null,"file":"/Users/bharath/BDGuardian/BDGuardianNew/force-app/main/default/lwc/premiumHistoryExpanded/premiumHistoryExpanded.js","metadata":{"decorators":[{"type":"api","targets":[{"type":"property","name":"coverRef","value":{"type":"unresolved"}},{"type":"property","name":"policyRef","value":{"type":"unresolved"}},{"type":"property","name":"premiums","value":{"type":"unresolved"}}]},{"type":"wire","targets":[{"name":"handleAccount","adapter":{"name":"fetchAccountForPolicyNumber","reference":"@salesforce/apex/PolicyHeader_LEx.fetchAccountForPolicyNumber"},"type":"method","static":{},"params":{"pPolicyNumber":"policyRef"}}]},{"type":"track","targets":[{"name":"cardTitle","type":"property"},{"name":"columns","type":"property"},{"name":"account","type":"property"},{"name":"coverDetailsUrl","type":"property"},{"name":"accountUrl","type":"property"}]}],"exports":[{"type":"ExportDefaultDeclaration"}]},"updatedAt":"2023-01-10T15:14:15.761Z"},{"_allAttributes":null,"_properties":null,"_methods":null,"file":"/Users/bharath/BDGuardian/BDGuardianNew/force-app/main/default/lwc/productClaimDraftCalculation/productClaimDraftCalculation.js","metadata":{"decorators":[{"type":"api","targets":[{"type":"property","name":"recordId","value":{"type":"unresolved"}},{"type":"property","name":"calculateButtonInactive","value":{"type":"unresolved"}}]},{"type":"track","targets":[{"name":"calculationDataExists","type":"property"},{"name":"DraftCalculationColumns","type":"property"},{"name":"showCalculationDetails","type":"property"},{"name":"draftCalculationData","type":"property"},{"name":"showSpinner","type":"property"}]}],"declarationLoc":{"start":{"line":40,"column":0},"end":{"line":96,"column":1}},"classMembers":[{"type":"property","name":"recordId","loc":{"start":{"line":41,"column":4},"end":{"line":41,"column":18}},"decorator":"api","value":{"type":"unresolved"}},{"type":"property","name":"calculationDataExists","loc":{"start":{"line":43,"column":4},"end":{"line":43,"column":41}},"decorator":"track"},{"type":"property","name":"DraftCalculationColumns","loc":{"start":{"line":44,"column":4},"end":{"line":44,"column":45}},"decorator":"track"},{"type":"property","name":"showCalculationDetails","loc":{"start":{"line":45,"column":4},"end":{"line":45,"column":42}},"decorator":"track"},{"type":"property","name":"draftCalculationData","loc":{"start":{"line":46,"column":4},"end":{"line":46,"column":32}},"decorator":"track"},{"type":"property","name":"showSpinner","loc":{"start":{"line":47,"column":4},"end":{"line":47,"column":23}},"decorator":"track"},{"type":"property","name":"calculateButtonInactive","loc":{"start":{"line":48,"column":4},"end":{"line":48,"column":33}},"decorator":"api","value":{"type":"unresolved"}},{"type":"method","name":"handleRowAction","loc":{"start":{"line":50,"column":3},"end":{"line":55,"column":4}}},{"type":"method","name":"calculateDraftData","loc":{"start":{"line":57,"column":3},"end":{"line":82,"column":4}}},{"type":"method","name":"closeModalAction","loc":{"start":{"line":84,"column":3},"end":{"line":86,"column":4}}},{"type":"method","name":"showNotification","loc":{"start":{"line":88,"column":3},"end":{"line":95,"column":4}}}],"exports":[{"type":"ExportDefaultDeclaration"}]},"updatedAt":"2023-01-10T15:14:15.749Z"},{"_allAttributes":null,"_properties":null,"_methods":null,"file":"/Users/bharath/BDGuardian/BDGuardianNew/force-app/main/default/lwc/productClaimSavePanel/productClaimSavePanel.js","metadata":{"decorators":[{"type":"api","targets":[{"type":"property","name":"recordId","value":{"type":"unresolved"}}]},{"type":"wire","targets":[{"name":"messageContext","adapter":{"name":"MessageContext","reference":"lightning/messageService"},"type":"property"}]}],"exports":[{"type":"ExportDefaultDeclaration"}]},"updatedAt":"2023-01-10T15:14:15.707Z"},{"_allAttributes":null,"_properties":null,"_methods":null,"file":"/Users/bharath/BDGuardian/BDGuardianNew/force-app/main/default/lwc/productClaimTabAssessment/productClaimTabAssessment.js","metadata":{"decorators":[{"type":"api","targets":[{"type":"property","name":"recordId","value":{"type":"unresolved"}}]}],"declarationLoc":{"start":{"line":3,"column":0},"end":{"line":22,"column":1}},"classMembers":[{"type":"property","name":"recordId","loc":{"start":{"line":5,"column":4},"end":{"line":5,"column":18}},"decorator":"api","value":{"type":"unresolved"}},{"type":"method","name":"onNewAssessment","loc":{"start":{"line":7,"column":4},"end":{"line":9,"column":5}}},{"type":"method","name":"onCloseNewAssessmentModal","loc":{"start":{"line":11,"column":4},"end":{"line":13,"column":5}}},{"type":"method","name":"onSearch","loc":{"start":{"line":15,"column":4},"end":{"line":17,"column":5}}},{"type":"method","name":"onAssessmentSaved","loc":{"start":{"line":19,"column":4},"end":{"line":21,"column":5}}}],"exports":[{"type":"ExportDefaultDeclaration"}]},"updatedAt":"2023-01-10T15:14:15.709Z"},{"_allAttributes":null,"_properties":null,"_methods":null,"file":"/Users/bharath/BDGuardian/BDGuardianNew/force-app/main/default/lwc/productClaimTabDecision/productClaimTabDecision.js","metadata":{"decorators":[{"type":"api","targets":[{"type":"property","name":"claimExternalId","value":{"type":"unresolved"}},{"type":"property","name":"recordId","value":{"type":"unresolved"}}]},{"type":"wire","targets":[{"name":"messageContext","adapter":{"name":"MessageContext","reference":"lightning/messageService"},"type":"property"}]},{"type":"track","targets":[{"name":"formData","type":"property"},{"name":"tabData","type":"property"},{"name":"decisionData","type":"property"},{"name":"tabReadOnlyData","type":"property"},{"name":"decisionSummaryData","type":"property"},{"name":"layoutData","type":"property"},{"name":"calcTypes","type":"property"},{"name":"decTypes","type":"property"},{"name":"decSubTypes","type":"property"},{"name":"misRepTypes","type":"property"},{"name":"misRepCatTypes","type":"property"},{"name":"misRepRetro","type":"property"}]}],"exports":[{"type":"ExportDefaultDeclaration"}]},"updatedAt":"2023-01-10T15:14:15.691Z"},{"_allAttributes":null,"_properties":null,"_methods":null,"file":"/Users/bharath/BDGuardian/BDGuardianNew/force-app/main/default/lwc/productClaimTabExpenses/productClaimTabExpenses.js","metadata":{"decorators":[],"declarationLoc":{"start":{"line":3,"column":0},"end":{"line":3,"column":72}},"classMembers":[],"exports":[{"type":"ExportDefaultDeclaration"}]},"updatedAt":"2023-01-10T15:14:15.704Z"},{"_allAttributes":null,"_properties":null,"_methods":null,"file":"/Users/bharath/BDGuardian/BDGuardianNew/force-app/main/default/lwc/productClaimTabFinancial/productClaimTabFinancial.js","metadata":{"decorators":[{"type":"api","targets":[{"type":"property","name":"claimExternalId","value":{"type":"unresolved"}},{"type":"property","name":"recordId","value":{"type":"unresolved"}}]},{"type":"wire","targets":[{"name":"messageContext","adapter":{"name":"MessageContext","reference":"lightning/messageService"},"type":"property"}]},{"type":"track","targets":[{"name":"formData","type":"property"},{"name":"tabData","type":"property"},{"name":"continuingIncomeTypeList","type":"property"},{"name":"tabReadOnlyData","type":"property"},{"name":"isModalOpen","type":"property"},{"name":"layoutData","type":"property"},{"name":"isCalculateButtonInactive","type":"property"}]}],"exports":[{"type":"ExportDefaultDeclaration"}]},"updatedAt":"2023-01-10T15:14:15.718Z"},{"_allAttributes":null,"_properties":null,"_methods":null,"file":"/Users/bharath/BDGuardian/BDGuardianNew/force-app/main/default/lwc/productClaimTabPayoutSchedule/productClaimTabPayoutSchedule.js","metadata":{"decorators":[{"type":"api","targets":[{"type":"property","name":"recordId","value":{"type":"unresolved"}},{"type":"method","name":"getPayoutScheduleDraftData"},{"type":"method","name":"getPayoutScheduleData"}]},{"type":"track","targets":[{"name":"draftPayoutScheduleColumns","type":"property"},{"name":"publishedFuturePayoutScheduleColumns","type":"property"},{"name":"publishedPaidPayoutScheduleColumns","type":"property"},{"name":"draftPayoutScheduleData","type":"property"},{"name":"publishedFuturePayoutScheduleData","type":"property"},{"name":"publishedPaidPayoutScheduleData","type":"property"}]}],"declarationLoc":{"start":{"line":13,"column":0},"end":{"line":103,"column":1}},"classMembers":[{"type":"property","name":"recordId","loc":{"start":{"line":15,"column":4},"end":{"line":15,"column":18}},"decorator":"api","value":{"type":"unresolved"}},{"type":"property","name":"draftPayoutScheduleColumns","loc":{"start":{"line":16,"column":4},"end":{"line":16,"column":70}},"decorator":"track"},{"type":"property","name":"publishedFuturePayoutScheduleColumns","loc":{"start":{"line":17,"column":4},"end":{"line":17,"column":91}},"decorator":"track"},{"type":"property","name":"publishedPaidPayoutScheduleColumns","loc":{"start":{"line":18,"column":4},"end":{"line":18,"column":87}},"decorator":"track"},{"type":"property","name":"draftPayoutScheduleData","loc":{"start":{"line":19,"column":4},"end":{"line":19,"column":40}},"decorator":"track"},{"type":"property","name":"publishedFuturePayoutScheduleData","loc":{"start":{"line":20,"column":4},"end":{"line":20,"column":50}},"decorator":"track"},{"type":"property","name":"publishedPaidPayoutScheduleData","loc":{"start":{"line":21,"column":4},"end":{"line":21,"column":48}},"decorator":"track"},{"type":"property","name":"showSpinner","loc":{"start":{"line":22,"column":4},"end":{"line":22,"column":24}}},{"type":"method","name":"connectedCallback","loc":{"start":{"line":24,"column":4},"end":{"line":26,"column":5}}},{"type":"method","name":"getPayoutScheduleDraftData","loc":{"start":{"line":28,"column":4},"end":{"line":41,"column":5}},"decorator":"api"},{"type":"method","name":"getPayoutScheduleData","loc":{"start":{"line":43,"column":4},"end":{"line":60,"column":5}},"decorator":"api"},{"type":"method","name":"processPayoutScheduleData","loc":{"start":{"line":62,"column":4},"end":{"line":84,"column":5}}},{"type":"method","name":"showNotification","loc":{"start":{"line":86,"column":4},"end":{"line":93,"column":5}}}],"exports":[{"type":"ExportDefaultDeclaration"}]},"updatedAt":"2023-01-10T15:14:15.722Z"},{"_allAttributes":null,"_properties":null,"_methods":null,"file":"/Users/bharath/BDGuardian/BDGuardianNew/force-app/main/default/lwc/productClaimTabSummary/productClaimTabSummary.js","metadata":{"decorators":[{"type":"api","targets":[{"type":"property","name":"claimExternalId","value":{"type":"unresolved"}},{"type":"property","name":"recordId","value":{"type":"unresolved"}}]},{"type":"wire","targets":[{"name":"wiredRecord","adapter":{"name":"getRecord","reference":"lightning/uiRecordApi"},"type":"method","static":{"fields":{"type":"unresolved","value":"identifier"}},"params":{"recordId":"recordId"}},{"name":"messageContext","adapter":{"name":"MessageContext","reference":"lightning/messageService"},"type":"property"}]},{"type":"track","targets":[{"name":"formData","type":"property"},{"name":"tabData","type":"property"},{"name":"tabReadOnlyData","type":"property"},{"name":"layoutData","type":"property"}]}],"exports":[{"type":"ExportDefaultDeclaration"}]},"updatedAt":"2023-01-11T15:19:59.616Z"},{"_allAttributes":null,"_properties":null,"_methods":null,"file":"/Users/bharath/BDGuardian/BDGuardianNew/force-app/main/default/lwc/productClaimTabsContainer/productClaimTabsContainer.js","metadata":{"decorators":[{"type":"api","targets":[{"type":"property","name":"recordId","value":{"type":"unresolved"}}]},{"type":"wire","targets":[{"name":"myWiredRecord","adapter":{"name":"getRecord","reference":"lightning/uiRecordApi"},"type":"method","static":{"fields":{"type":"unresolved","value":"array_expression"}},"params":{"recordId":"recordId"}}]}],"exports":[{"type":"ExportDefaultDeclaration"}]},"updatedAt":"2023-01-10T15:14:15.715Z"},{"_allAttributes":null,"_properties":null,"_methods":null,"file":"/Users/bharath/BDGuardian/BDGuardianNew/force-app/main/default/lwc/productClaimUnderwritingCases/productClaimUnderwritingCases.js","metadata":{"decorators":[{"type":"api","targets":[{"type":"property","name":"caseId","value":{"type":"unresolved"}}]},{"type":"track","targets":[{"name":"isApplicationsExists","type":"property"},{"name":"applicationsData","type":"property"},{"name":"error","type":"property"}]}],"exports":[{"type":"ExportDefaultDeclaration"}]},"updatedAt":"2023-01-10T15:14:15.684Z"},{"_allAttributes":null,"_properties":null,"_methods":null,"file":"/Users/bharath/BDGuardian/BDGuardianNew/force-app/main/default/lwc/productClaimsCaseSummary/productClaimsCaseSummary.js","metadata":{"decorators":[{"type":"api","targets":[{"type":"property","name":"recordId","value":{"type":"unresolved"}}]},{"type":"track","targets":[{"name":"isCasesExists","type":"property"},{"name":"caseData","type":"property"},{"name":"error","type":"property"}]}],"exports":[{"type":"ExportDefaultDeclaration"}]},"updatedAt":"2023-01-10T15:14:15.687Z"},{"_allAttributes":null,"_properties":null,"_methods":null,"file":"/Users/bharath/BDGuardian/BDGuardianNew/force-app/main/default/lwc/recordChangeNotifier/recordChangeNotifier.js","metadata":{"decorators":[{"type":"api","targets":[{"type":"property","name":"recordId","value":{"type":"unresolved"}},{"type":"property","name":"objectApiName","value":{"type":"unresolved"}}]},{"type":"wire","targets":[{"name":"getRecordData","adapter":{"name":"getRecord","reference":"lightning/uiRecordApi"},"type":"method","static":{},"params":{"recordId":"recordId","fields":"fieldNames"}}]}],"doc":"@description This component is used to determine whether a record has\nchanged. In the event that the record does change, it will fire a 'change'\nevent, and the detail of the event will be the id of the record which\ntriggered the change.\n\n@param {string} recordId This is the id of the record which you want to be\ntracked.","declarationLoc":{"start":{"line":13,"column":0},"end":{"line":44,"column":1}},"classMembers":[{"type":"property","name":"recordId","loc":{"start":{"line":14,"column":4},"end":{"line":14,"column":18}},"decorator":"api","value":{"type":"unresolved"}},{"type":"property","name":"objectApiName","loc":{"start":{"line":15,"column":4},"end":{"line":15,"column":23}},"decorator":"api","value":{"type":"unresolved"}},{"type":"property","name":"firstGet","loc":{"start":{"line":18,"column":4},"end":{"line":18,"column":20}}},{"type":"property","name":"fieldNames","loc":{"start":{"line":22,"column":4},"end":{"line":22,"column":77}}},{"type":"method","name":"getRecordData","loc":{"start":{"line":24,"column":4},"end":{"line":43,"column":5}},"decorator":"wire"}],"exports":[{"type":"ExportDefaultDeclaration"}]},"updatedAt":"2023-01-10T15:14:15.682Z"},{"_allAttributes":null,"_properties":null,"_methods":null,"file":"/Users/bharath/BDGuardian/BDGuardianNew/force-app/main/default/lwc/relatedListHeader/relatedListHeader.js","metadata":{"decorators":[{"type":"api","targets":[{"type":"property","name":"title","value":{"type":"unresolved"}}]}],"declarationLoc":{"start":{"line":3,"column":0},"end":{"line":9,"column":1}},"classMembers":[{"type":"property","name":"title","loc":{"start":{"line":4,"column":4},"end":{"line":4,"column":15}},"decorator":"api","value":{"type":"unresolved"}},{"type":"property","name":"hasStringTitle","loc":{"start":{"line":6,"column":4},"end":{"line":8,"column":5}}}],"exports":[{"type":"ExportDefaultDeclaration"}]},"updatedAt":"2023-01-10T15:14:15.956Z"},{"_allAttributes":null,"_properties":null,"_methods":null,"file":"/Users/bharath/BDGuardian/BDGuardianNew/force-app/main/default/lwc/timeline/timeline.js","metadata":{"decorators":[{"type":"api","targets":[{"type":"property","name":"timelineEntries","value":{"type":"array","value":[]}}]}],"declarationLoc":{"start":{"line":3,"column":0},"end":{"line":12,"column":1}},"classMembers":[{"type":"property","name":"timelineEntries","loc":{"start":{"line":5,"column":4},"end":{"line":6,"column":25}},"decorator":"api","value":{"type":"array","value":[]}},{"type":"method","name":"onAssessmentSaved","loc":{"start":{"line":8,"column":4},"end":{"line":10,"column":5}}}],"exports":[{"type":"ExportDefaultDeclaration"}]},"updatedAt":"2023-01-10T15:14:15.904Z"},{"_allAttributes":null,"_properties":null,"_methods":null,"file":"/Users/bharath/BDGuardian/BDGuardianNew/force-app/main/default/lwc/timelineEntry/timelineEntry.js","metadata":{"decorators":[{"type":"api","targets":[{"type":"property","name":"content","value":{"type":"object","value":{"Category":{"type":"string","value":"Medical"}}}}]}],"declarationLoc":{"start":{"line":4,"column":0},"end":{"line":52,"column":1}},"classMembers":[{"type":"property","name":"ifBpsScoreEntryLevel","loc":{"start":{"line":6,"column":4},"end":{"line":6,"column":26}}},{"type":"property","name":"content","loc":{"start":{"line":7,"column":4},"end":{"line":9,"column":6}},"decorator":"api","value":{"type":"object","value":{"Category":{"type":"string","value":"Medical"}}}},{"type":"property","name":"showEditModal","loc":{"start":{"line":10,"column":4},"end":{"line":10,"column":26}}},{"type":"property","name":"category","loc":{"start":{"line":13,"column":4},"end":{"line":22,"column":5}}},{"type":"property","name":"entryFinalClass","loc":{"start":{"line":24,"column":4},"end":{"line":26,"column":5}}},{"type":"property","name":"themeClass","loc":{"start":{"line":28,"column":4},"end":{"line":30,"column":5}}},{"type":"property","name":"openStateClass","loc":{"start":{"line":32,"column":4},"end":{"line":34,"column":5}}},{"type":"property","name":"iconName","loc":{"start":{"line":36,"column":4},"end":{"line":38,"column":5}}},{"type":"method","name":"onToggleShowContent","loc":{"start":{"line":40,"column":4},"end":{"line":42,"column":5}}},{"type":"method","name":"onEditAssessment","loc":{"start":{"line":44,"column":4},"end":{"line":46,"column":5}}},{"type":"method","name":"onAssessmentSaved","loc":{"start":{"line":48,"column":4},"end":{"line":50,"column":5}}}],"exports":[{"type":"ExportDefaultDeclaration"}]},"updatedAt":"2023-01-10T15:14:15.919Z"},{"_allAttributes":null,"_properties":null,"_methods":null,"file":"/Users/bharath/BDGuardian/BDGuardianNew/force-app/main/default/lwc/uWNotesLauncher/uWNotesLauncher.js","metadata":{"decorators":[{"type":"api","targets":[{"type":"property","name":"recordId","value":{"type":"unresolved"}}]}],"declarationLoc":{"start":{"line":3,"column":0},"end":{"line":15,"column":1}},"classMembers":[{"type":"property","name":"recordId","loc":{"start":{"line":4,"column":1},"end":{"line":4,"column":15}},"decorator":"api","value":{"type":"unresolved"}},{"type":"method","name":"openUWNotes","loc":{"start":{"line":6,"column":1},"end":{"line":8,"column":2}}},{"type":"method","name":"openUWNotesPDF","loc":{"start":{"line":9,"column":1},"end":{"line":11,"column":2}}},{"type":"method","name":"openUWNotesWord","loc":{"start":{"line":12,"column":1},"end":{"line":14,"column":2}}}],"exports":[{"type":"ExportDefaultDeclaration"}]},"updatedAt":"2023-01-10T15:14:15.858Z"},{"_allAttributes":null,"_properties":null,"_methods":null,"file":"/Users/bharath/BDGuardian/BDGuardianNew/force-app/main/default/lwc/uwNotesPage/uwNotesPage.js","metadata":{"decorators":[{"type":"api","targets":[{"type":"property","name":"recordId","value":{"type":"unresolved"}}]},{"type":"track","targets":[{"name":"UWNotesList","type":"property"},{"name":"Case","type":"property"},{"name":"showNewBox","type":"property"}]}],"declarationLoc":{"start":{"line":6,"column":0},"end":{"line":26,"column":1}},"classMembers":[{"type":"property","name":"recordId","loc":{"start":{"line":8,"column":1},"end":{"line":8,"column":15}},"decorator":"api","value":{"type":"unresolved"}},{"type":"property","name":"UWNotesList","loc":{"start":{"line":9,"column":1},"end":{"line":9,"column":25}},"decorator":"track"},{"type":"property","name":"Case","loc":{"start":{"line":10,"column":1},"end":{"line":10,"column":13}},"decorator":"track"},{"type":"property","name":"showNewBox","loc":{"start":{"line":11,"column":1},"end":{"line":11,"column":27}},"decorator":"track"},{"type":"property","name":"Loading","loc":{"start":{"line":12,"column":1},"end":{"line":12,"column":16}}},{"type":"method","name":"connectedCallback","loc":{"start":{"line":14,"column":1},"end":{"line":18,"column":2}}},{"type":"method","name":"toggleShowNew","loc":{"start":{"line":20,"column":1},"end":{"line":22,"column":2}}}],"exports":[{"type":"ExportDefaultDeclaration"}]},"updatedAt":"2023-01-10T15:14:15.934Z"}]